requirement_or_feedback,pages,evidence,decision
분석 대상과 레이블 범위,3;26,배치별129셀; B1전체46과 학습후보36 구분; newstructure 구성,해석에 필요한 배경 한 장만 앞에 배치
Q1 분포·장단수명비율,5;25,공통150~2300 히스토그램; <500/>1000 비율,550미만1셀→회귀
Q1 짧은 셀 가설,6,동일정책 초기ΔQ 온도 IR; B1/B2 동료수명,짧다는 이유로 제거하지 않음
Q2 전체곡선·가속·knee,8,배치별 종료근접 경로 및같은모집단 knee,미래 knee입력 제외
Q2 초기구간 민감도,9;22,공백 전후 용량 기울기; ΔQ 세 구간 상관과 유지 근거,기울기 보류; ΔQ는 방향 유지로 후보 유지
Q3 장단수명ΔQ·요약,11,배치별 상하위1/3 곡선; 전극 변화와 전압곡선의 연결,분산으로 전압별 변화의 불균일성 요약; 특정 메커니즘 진단과 구분
Q3 집단정책 반례,20~21,B2표기별 곡선; 같은32셀 정책중심화,정책만/ΔQ만/결합 비교
Q4 정책별 수명,13~14;README 정책 집계,정책별평균·범위; B1 평균C-수명 -.44; B3 최대C-수명 -.61; 초기ΔQ +.55/+.68,원정책3개와 명목평균·최대C 2개를 대체 비교
Q4 전류패턴·초기변화,15,원시전류;5사이클×3기준,시간비율 주입력 보류
Q5 상관·다중공선성,17~18,10개 초기 피처의 배치별 수명 상관; ΔQ 요약·정책 변수 중복,중복제거 및후보수제한
입력변환·관계,23;25,로그전후 산점도와왜도,입력 log 분산; raw/log 타깃은 별도 CV 비교
분포이동·적용범위,29,학습28셀 기준 B2 원정책+ΔQ29/39; 파생정책+ΔQ18/39,압축된 표현의 범위와 원래 정책 조건별 오차를 함께 평가
모델선택·채택조건,27;31,EDA근거→모델조건→설계; Ridge·Elastic Net·얕은 회귀트리의 역할·비교조건; 기준선·채택규칙,Ridge 우선; 변수 선택 이득 비교; 비선형 잔차 반복 시 조건부 트리
분할·누수·최종학습범위,28;30,28/8분포와고정학습범위;학습폴드전처리,B2까지같은모델;탐색노출한계
보고양식·오차해석,30,6개항목;Gap방향;과대예측률,논문조건과차이해석
ESS 활용·남은자료,25;29~30;README 출처,점검우선순위;새조건확인;논문과 자료·분할 차이,자동교체·절감효과 미주장
품질·원시대응,README 원시 기록 검증,IR0;Qd0;원시Q(V);I스케일;B3제외,처리범위와미확정조건 구분
큰틀·제목·독자,1~31,표지: 배터리 수명 예측을 위한 EDA와 피처 설계; Q1~Q5 구조 보존; 짧은 본문 제목,EDA→모델전략;DAY1범위
Feature Engineering,22~23,원정책→명목평균C·최대C; ΔQ의 초기반응과 구분; 원정책·파생정책의 정보손실 비교,5개 입력 구성; 비선형 결합은 FE에서 계산; 유지·보류 이유 명시
Regression vs Classification·Target,25~26,B1 <550 1셀; 100사이클 입력; 저장 총수명; 레이블 점검,총 cycle_life 회귀; 종료 근사값 한계 공개
