page,number,chapter,kind,section,title
1,표지,0,cover,DAY 1,EDA to Model Strategy
2,01,1,divider,EDA,분포와 관계 탐색
3,1-1,1,body,데이터,배치별 구성
4,1-2,1,body,데이터,수명 레이블 점검
5,1-3,1,body,Q1,수명 분포
6,1-4,1,body,Q1,같은 충전 조건의 배치 비교
7,1-5,1,body,Q1,짧은 수명 셀의 초기 신호
8,1-6,1,body,Q2,용량 감소와 급변 시점
9,1-7,1,body,Q2,기록 공백과 초기 변화
10,1-8,1,body,Q3,전압별 초기 신호
11,1-9,1,body,Q4,충전 조건과 초기 변화
12,1-10,1,body,Q4,실제 전류 패턴
13,02,2,divider,EDA → 전략,관찰에서 선택으로
14,2-1,2,body,Q3,집단을 나눠 반례 찾기
15,2-2,2,body,Q3 → 설계,정책 안에서 다시 비교
16,2-3,2,body,Q5,피처 선택과 중복
17,2-4,2,body,설계,입력 변환과 관계 형태
18,03,3,divider,모델 설계,선택 근거와 검증
19,3-1,3,body,설계,모델 선택 전략
20,3-2,3,body,설계,학습·검증 분할
21,3-3,3,body,설계,다른 배치로 적용할 때
22,3-4,3,body,설계,성능 평가 계획
23,3-5,3,body,결론,분석에서 정한 선택
24,A-1,A,appendix,부록 · Q4,Batch 1 정책별 수명
25,A-2,A,appendix,부록 · Q4,Batch 2·3 정책별 수명
26,A-3,A,appendix,부록 · Q5,초기 피처의 배치별 관계
27,A-4,A,appendix,부록 · 품질,원시 기록과 피처 점검
28,A-5,A,appendix,부록,분석 방법과 출처
