id,previous_feedback,required_evidence,status,page_or_result
R01,기록 공백을 발견한 뒤 초기 변화 해석을 얼마나 바꾸는지 확인하지 않음,공백 전후와 전체 구간 기울기 비교 후 변수 채택 판단,반영·인과 미확정,1-7; 구간별 기울기·ΔQ 민감도; 기울기 주 입력 보류
R02,입력 피처의 배치 간 분포 차이와 외삽 규모 누락,B1 후보36 및 실제 학습28 기준 범위 이탈 수와 해석,반영,3-3; 후보36/학습28별 입력 범위; ΔQ 18/39 표시
R03,고정 분할의 수명 분포 차이를 해석하지 않음,28셀 학습과8셀 검증 분포 비교 및 평가 상황 설명,반영,3-2; 중앙값848/676.5; 짧은 수명의 새 정책 검증
R04,B2 최종 모델의 학습 범위가 불명확,28 유지 또는36 재학습 중 하나를 정하고 근거 명시,확정,3-2; B2까지 같은28셀 학습 모델 유지
R05,Ridge 선택에 피처 변환과 관계 형태 근거 부족,ΔQ분산 로그 변환 전후 분포와 수명 관계 확인,반영·예측 검증은 DAY2,2-4; 변환 전후 산점도와 분산 왜도; 보조 분포 그림
R06,짧은 수명 셀을 지우지 않는 판단에서 멈춤,같은 정책의 초기ΔQ 온도 IR 비교로 원인 가설 범위 좁히기,반영·원인 가설 한정,1-5; B3 동일정책3셀 초기ΔQ·온도·IR; B1/B2 동료 비교
R07,10번 사이클 고전류 지표의 대표성 미확인,여러 초기 사이클과 임계값 민감도 분석,반영,1-10; 5사이클×3임계값; 시간비율 재현성과 수명 일반화 분리
R08,약한 변수를 계속 추가할 수 있어 비교가 늘어남,작은 표본에 맞춰 비교 수 제한 및 단순 모델 유지 조건,확정,2-3·3-1; 세 입력구성 제한; 1%p 및3/4폴드 개선 규칙
R09,Qdlin 수직 이동 불변성만으로 곡선 정렬 문제는 해결 안 됨,원시 전압 용량과 보간 곡선 대응 점검 및 해결 범위 명시,반영·내부구간 한정,A-4; 원시Q(V) 재구성·B2 간헐0처리; B3 RMSE0.46mAh
R10,중요한 해석 조건이 작은 각주에 숨음,레이블 근사 및 관측 용량 변화와 비가역 열화 차이를 본문에 표시,반영,1-2 종료근사 및1-7 구간별 방향반전 본문
R11,46 36 32 28셀 등 분석 대상 전환이 불명확,각 그래프에 분석 대상과 목적을 표시,반영,2-2 동일32셀 비교; 1-6 곡선과knee 모집단 일치
R12,주의사항 뒤에 최종 선택이 덜 보임,페이지별 무엇을 알고 무엇을 선택하는지 독립적으로 이해 가능,반영,1-7·2-2·2-3·3-3·3-2·3-5 관찰에 따른 선택 명시
R13,제목에 결론을 몰아 넣고 그래프 표를 나열함,짧은 제목과 눈에 띄는 해석 문장 및 필요한 증거만 배치,반영,전체 주제형제목; 표지1쪽+구분3쪽+본문19쪽+근거부록5쪽
R14,Q1~Q5의 배치 비교와 기존 장점 보존,누락 없이 해석과 모델 전략 연결 및 DAY1 범위 준수,반영,coverage.csv; Q1~Q5 배치비교 및 모델 미학습
R15,자가점검문을 수시로 읽고 실제 반영 확인,분석 후 작성 중 렌더 후 체크리스트 재독 및 근거 기록,실시,분석완료·페이지작성·렌더검토 때 자기피드백 재독 및 대조
R16,전체 페이지의 긴 부제목·불필요 설명 축소,표본·비교 조건 위주,반영,전체28쪽 검토; 챕터별 번호 적용
R17,모든 페이지를 해석·근거 틀로 통일하지 말 것,페이지 역할에 따른 구성,반영,곡선·집단비교·선택흐름·표 구성 구분
R18,분석 경험자에게 기본 개념 반복 설명 불필요,관찰·판단변화·선택 중심,반영,1-1·1-4·2-2·3-2 일반론도 구체 해석으로 교체
R19,EDA50 연결30 모델전략20의 큰 틀,EDA to Model Strategy 표지·평가표대조,반영,표지 및 rubric_alignment.csv
R20,챕터 분기가 불명확하고 연속 쪽 번호만 표시됨,표지의 세 영역 안내; 챕터 구분 3쪽; 본문 챕터별 번호,반영,표지;01 EDA;02 EDA → 전략;03 모델 설계;본문1-1~3-5;부록A-1~A-5
