batch,predictor,outcome,n,spearman_rho
batch1,first_c_rate,early_qd_loss_per_100_cycles,46,0.384400685463455
batch1,first_c_rate,early_qd_loss_robust_per_100_cycles,46,0.38351467795662453
batch1,first_c_rate,log10_dq_var,46,0.5395785716597657
batch1,first_c_rate,cycle_life,46,-0.48271400298540956
batch1,switch_soc_pct,early_qd_loss_per_100_cycles,46,-0.09135378117627754
batch1,switch_soc_pct,early_qd_loss_robust_per_100_cycles,46,-0.09435719316015517
batch1,switch_soc_pct,log10_dq_var,46,-0.19810004876992787
batch1,switch_soc_pct,cycle_life,46,0.18515925395200944
batch1,second_c_rate,early_qd_loss_per_100_cycles,46,0.09009879349695112
batch1,second_c_rate,early_qd_loss_robust_per_100_cycles,46,0.10386008338516325
batch1,second_c_rate,log10_dq_var,46,-0.0659994201603806
batch1,second_c_rate,cycle_life,46,0.04741433338534666
batch2_notion,first_c_rate,early_qd_loss_per_100_cycles,39,0.013408019056234517
batch2_notion,first_c_rate,early_qd_loss_robust_per_100_cycles,39,0.04313432487083198
batch2_notion,first_c_rate,log10_dq_var,39,-0.02785541943465776
batch2_notion,first_c_rate,cycle_life,39,0.05509278655119761
batch2_notion,switch_soc_pct,early_qd_loss_per_100_cycles,39,0.0030812028641485447
batch2_notion,switch_soc_pct,early_qd_loss_robust_per_100_cycles,39,0.013454585840115312
batch2_notion,switch_soc_pct,log10_dq_var,39,-0.15744946635799062
batch2_notion,switch_soc_pct,cycle_life,39,0.28781347990487877
batch2_notion,second_c_rate,early_qd_loss_per_100_cycles,39,0.15603901948467938
batch2_notion,second_c_rate,early_qd_loss_robust_per_100_cycles,39,0.16107585212944175
batch2_notion,second_c_rate,log10_dq_var,39,0.2017816832993581
batch2_notion,second_c_rate,cycle_life,39,-0.11884016238051073
batch3,first_c_rate,early_qd_loss_per_100_cycles,44,0.08844513782925786
batch3,first_c_rate,early_qd_loss_robust_per_100_cycles,44,0.13841373132325469
batch3,first_c_rate,log10_dq_var,44,0.2893377946420952
batch3,first_c_rate,cycle_life,44,-0.22887519748075072
batch3,switch_soc_pct,early_qd_loss_per_100_cycles,44,-0.403299070548566
batch3,switch_soc_pct,early_qd_loss_robust_per_100_cycles,44,-0.4500366663039289
batch3,switch_soc_pct,log10_dq_var,44,-0.44953718054776476
batch3,switch_soc_pct,cycle_life,44,0.44332485175807257
batch3,second_c_rate,early_qd_loss_per_100_cycles,44,0.27305856606550655
batch3,second_c_rate,early_qd_loss_robust_per_100_cycles,44,0.2314856355918654
batch3,second_c_rate,log10_dq_var,44,-0.07747682497360393
batch3,second_c_rate,cycle_life,44,0.015736317835818345
