batch,endpoint_group,feature,n,rho,lo,hi
batch1,all_recorded_labels,log10_dq_var,46,-0.8712,-0.9385,-0.7443
batch1,all_recorded_labels,dq_mean,46,0.8281,0.6768,0.9209
batch1,all_recorded_labels,qd_10,46,0.1004,-0.1883,0.363
batch1,all_recorded_labels,c_rate_1,46,-0.4827,-0.752,-0.1716
batch1,near_eol_only,log10_dq_var,36,-0.8262,-0.9153,-0.6554
batch1,near_eol_only,dq_mean,36,0.758,0.5336,0.8933
batch1,near_eol_only,qd_10,36,0.1628,-0.1548,0.4516
batch1,near_eol_only,c_rate_1,36,-0.2374,-0.5966,0.1746
batch2_notion,all_recorded_labels,log10_dq_var,39,-0.709,-0.8627,-0.434
batch2_notion,all_recorded_labels,dq_mean,39,0.6972,0.4304,0.8514
batch2_notion,all_recorded_labels,qd_10,39,0.0773,-0.2624,0.4068
batch2_notion,all_recorded_labels,c_rate_1,39,0.0551,-0.3317,0.4255
batch2_notion,near_eol_only,log10_dq_var,39,-0.709,-0.8627,-0.434
batch2_notion,near_eol_only,dq_mean,39,0.6972,0.4304,0.8514
batch2_notion,near_eol_only,qd_10,39,0.0773,-0.2624,0.4068
batch2_notion,near_eol_only,c_rate_1,39,0.0551,-0.3317,0.4255
batch3,all_recorded_labels,log10_dq_var,44,-0.7972,-0.8954,-0.6173
batch3,all_recorded_labels,dq_mean,44,0.7561,0.5523,0.8761
batch3,all_recorded_labels,qd_10,44,0.13,-0.1788,0.4007
batch3,all_recorded_labels,c_rate_1,44,-0.2289,-0.5582,0.1184
batch3,near_eol_only,log10_dq_var,44,-0.7972,-0.8954,-0.6173
batch3,near_eol_only,dq_mean,44,0.7561,0.5523,0.8761
batch3,near_eol_only,qd_10,44,0.13,-0.1788,0.4007
batch3,near_eol_only,c_rate_1,44,-0.2289,-0.5582,0.1184
