batch,cell_id,cycle_life,knee_cycle,knee_fraction,sse_gain,slope_ratio,knee_heuristic
batch1,batch1_c00,1190.0,852.0,0.7159663865546219,0.13416768340537177,1.1547502834082104,False
batch1,batch1_c01,1179.0,434.0,0.36810856658184904,0.8412766690698322,1.7499272166391486,True
batch1,batch1_c02,1177.0,722.0,0.6134239592183517,0.7832833124196112,1.5197171625335513,True
batch1,batch1_c03,1226.0,979.0,0.7985318107667211,0.9345385887851128,5.441368823013658,True
batch1,batch1_c04,1227.0,903.0,0.7359413202933985,0.8869087067100001,2.0568844419132217,True
batch1,batch1_c05,1074.0,897.0,0.835195530726257,0.9487633343766607,9.447584342824586,True
batch1,batch1_c06,636.0,515.0,0.809748427672956,0.9632348100622327,9.084770659722185,True
batch1,batch1_c07,870.0,654.0,0.7517241379310344,0.9609255751558294,8.13134567319762,True
batch1,batch1_c08,879.0,694.0,0.7895335608646189,0.9588199674121696,6.623274807422035,True
batch1,batch1_c09,1054.0,796.0,0.7552182163187856,0.9590225118488322,8.041417388258232,True
batch1,batch1_c10,906.0,716.0,0.7902869757174393,0.9384194278943093,6.088931417234778,True
batch1,batch1_c11,788.0,605.0,0.7677664974619289,0.9741059731566312,9.696553003042276,True
batch1,batch1_c12,902.0,696.0,0.7716186252771619,0.958548202574009,8.701878492696341,True
batch1,batch1_c13,897.0,725.0,0.8082497212931996,0.9449876553532699,8.649911050979863,True
batch1,batch1_c14,880.0,662.0,0.7522727272727273,0.9831675667826382,9.113334151462897,True
batch1,batch1_c15,719.0,563.0,0.7830319888734353,0.9775761160654419,11.090376630571772,True
batch1,batch1_c16,862.0,680.0,0.7888631090487239,0.9757458721333248,11.482318132063106,True
batch1,batch1_c17,857.0,660.0,0.7701283547257877,0.9739922391048883,10.676715794004968,True
batch1,batch1_c18,691.0,563.0,0.8147612156295224,0.9770768510881264,7.492686089059004,True
batch1,batch1_c19,788.0,577.0,0.7322335025380711,0.9812457206320522,7.396255352134869,True
batch1,batch1_c20,534.0,433.0,0.8108614232209738,0.9514136984332136,2.56178015616774,True
batch1,batch1_c21,559.0,456.0,0.815742397137746,0.942667438166395,4.341940234856276,True
batch1,batch1_c22,891.0,687.0,0.7710437710437711,0.9222848898095687,5.520198492435943,True
batch1,batch1_c23,1014.0,785.0,0.7741617357001972,0.96148623588579,8.342067280572108,True
batch1,batch1_c24,1017.0,767.0,0.7541789577187807,0.9681965502511117,7.560387970670591,True
batch1,batch1_c25,854.0,610.0,0.7142857142857143,0.9774526177756668,8.117294066522245,True
batch1,batch1_c26,870.0,654.0,0.7517241379310344,0.9669956999521891,8.758016562627434,True
batch1,batch1_c27,842.0,648.0,0.7695961995249406,0.9660947737909361,9.042083232355365,True
batch1,batch1_c28,860.0,631.0,0.7337209302325581,0.9818009543934303,8.495249638567957,True
batch1,batch1_c29,917.0,690.0,0.752453653217012,0.9761675544408112,7.931065038495315,True
batch1,batch1_c30,709.0,554.0,0.7813822284908322,0.9765447070236815,10.992733297851613,True
batch1,batch1_c31,876.0,675.0,0.7705479452054794,0.9772237963381744,9.689466057084868,True
batch1,batch1_c32,731.0,547.0,0.7482900136798906,0.976516344347044,8.98094930348362,True
batch1,batch1_c33,757.0,567.0,0.7490092470277411,0.9680476460532637,8.251981802987194,True
batch1,batch1_c34,742.0,581.0,0.7830188679245284,0.9700784861511718,11.36266781237121,True
batch1,batch1_c35,703.0,526.0,0.748221906116643,0.9715001940249991,10.126762179464567,True
batch1,batch1_c36,704.0,526.0,0.7471590909090909,0.9777366838484345,9.661745017793793,True
batch1,batch1_c37,648.0,494.0,0.7623456790123457,0.9762131243602552,8.888319823086055,True
batch1,batch1_c38,617.0,479.0,0.7763371150729336,0.9763241321156199,10.067415996114189,True
batch1,batch1_c39,625.0,476.0,0.7616,0.978847217278394,10.028525201479557,True
batch1,batch1_c40,966.0,709.0,0.7339544513457557,0.9523851262450135,7.143666478149552,True
batch1,batch1_c41,1051.0,814.0,0.774500475737393,0.9721889663857857,7.967121174595055,True
batch1,batch1_c42,702.0,501.0,0.7136752136752137,0.9814790734804786,8.692937457594498,True
batch1,batch1_c43,651.0,496.0,0.7619047619047619,0.9839422377905711,9.631916526504732,True
batch1,batch1_c44,616.0,439.0,0.7126623376623377,0.9769043543635234,7.574434831849213,True
batch1,batch1_c45,599.0,436.0,0.7278797996661102,0.978267945578614,8.48061204871386,True
batch2_notion,batch2_notion_c00,477.0,383.0,0.8029350104821803,0.9278612189484856,9.746031105291618,True
batch2_notion,batch2_notion_c01,491.0,383.0,0.780040733197556,0.8645354885716916,4.957949024046133,True
batch2_notion,batch2_notion_c02,424.0,355.0,0.8372641509433962,0.8666822462776046,8.227304553736124,True
batch2_notion,batch2_notion_c03,499.0,403.0,0.8076152304609219,0.9245438974184812,6.530547738227582,True
batch2_notion,batch2_notion_c04,444.0,338.0,0.7612612612612613,0.8710000384180847,5.054731685256504,True
batch2_notion,batch2_notion_c05,416.0,247.0,0.59375,0.8509431538570424,3.5808530906755607,True
batch2_notion,batch2_notion_c06,393.0,296.0,0.7531806615776081,0.891131455330641,5.743376074014951,True
batch2_notion,batch2_notion_c07,777.0,611.0,0.7863577863577863,0.9296811996202861,6.982625710633243,True
batch2_notion,batch2_notion_c08,904.0,715.0,0.790929203539823,0.9591366831414195,17.320934718055355,True
batch2_notion,batch2_notion_c09,791.0,622.0,0.786346396965866,0.9301775487285013,13.279715013886978,True
batch2_notion,batch2_notion_c10,492.0,371.0,0.7540650406504065,0.94093246749997,7.365473510551148,True
batch2_notion,batch2_notion_c11,449.0,353.0,0.7861915367483296,0.955832208103123,13.632275488480442,True
batch2_notion,batch2_notion_c12,466.0,344.0,0.7381974248927039,0.9259018042744184,4.439446036910584,True
batch2_notion,batch2_notion_c13,460.0,351.0,0.7630434782608696,0.9412669541434551,6.965539217732988,True
batch2_notion,batch2_notion_c14,426.0,342.0,0.8028169014084507,0.9461969278000142,5.085651068420909,True
batch2_notion,batch2_notion_c15,396.0,306.0,0.7727272727272727,0.9227235669122538,4.930796561155997,True
batch2_notion,batch2_notion_c16,472.0,361.0,0.7648305084745762,0.890607899614048,5.188212548050462,True
batch2_notion,batch2_notion_c17,471.0,342.0,0.7261146496815286,0.8825788651521557,4.177283216812871,True
batch2_notion,batch2_notion_c18,449.0,363.0,0.8084632516703786,0.9130212567602116,8.209204439635089,True
batch2_notion,batch2_notion_c19,392.0,311.0,0.7933673469387755,0.9052479626904164,8.61243489511439,True
batch2_notion,batch2_notion_c20,489.0,394.0,0.8057259713701431,0.952036369385111,22.446123449766556,True
batch2_notion,batch2_notion_c21,408.0,308.0,0.7549019607843137,0.9188413653444457,8.541139059364784,True
batch2_notion,batch2_notion_c24,514.0,402.0,0.7821011673151751,0.9431492759369968,8.770918673990462,True
batch2_notion,batch2_notion_c25,493.0,397.0,0.8052738336713996,0.9524462289115403,17.71148344754703,True
batch2_notion,batch2_notion_c26,450.0,353.0,0.7844444444444445,0.9274169904985455,4.873288791686861,True
batch2_notion,batch2_notion_c27,474.0,380.0,0.8016877637130801,0.9582141139199365,14.602492271776626,True
batch2_notion,batch2_notion_c28,437.0,342.0,0.782608695652174,0.9309137150064891,5.700678569237068,True
batch2_notion,batch2_notion_c29,452.0,355.0,0.7853982300884956,0.9551276373065756,12.79870276595005,True
batch2_notion,batch2_notion_c30,412.0,325.0,0.7888349514563107,0.9125544420077151,5.912307576590454,True
batch2_notion,batch2_notion_c31,425.0,336.0,0.7905882352941176,0.9130550064063077,4.6859413979057996,True
batch2_notion,batch2_notion_c32,809.0,623.0,0.7700865265760197,0.9221905218051131,6.844831239717979,True
batch2_notion,batch2_notion_c33,1140.0,909.0,0.7973684210526316,0.9835900108196004,9.813364153338922,True
batch2_notion,batch2_notion_c34,1186.0,947.0,0.7984822934232715,0.9747443943149592,8.491030850060927,True
batch2_notion,batch2_notion_c41,442.0,346.0,0.7828054298642534,0.9284274105396604,6.027163341574705,True
batch2_notion,batch2_notion_c42,474.0,356.0,0.7510548523206751,0.9508602558196388,10.38870308227272,True
batch2_notion,batch2_notion_c43,1029.0,818.0,0.7949465500485908,0.9479403147644331,13.412158709097994,True
batch2_notion,batch2_notion_c44,841.0,694.0,0.8252080856123662,0.9564171425618094,22.033628651468543,True
batch2_notion,batch2_notion_c45,997.0,753.0,0.7552657973921765,0.938545664228529,13.618497847143892,True
batch2_notion,batch2_notion_c46,503.0,400.0,0.7952286282306164,0.9314545937984559,6.76957105322879,True
batch3,batch3_c00,1009.0,840.0,0.8325074331020813,0.9561681307935644,11.457901557580668,True
batch3,batch3_c01,1063.0,866.0,0.8146754468485419,0.9767113873040688,11.099671148004118,True
batch3,batch3_c02,1267.0,986.0,0.7782162588792423,0.9868841172846832,8.620578414526785,True
batch3,batch3_c03,1115.0,910.0,0.8161434977578476,0.9723946381023889,10.48279329177672,True
batch3,batch3_c04,1048.0,832.0,0.7938931297709924,0.9634569301731677,8.921571839751826,True
batch3,batch3_c05,828.0,697.0,0.8417874396135265,0.9409446164406937,8.690694160772209,True
batch3,batch3_c06,667.0,465.0,0.697151424287856,0.9551415446002961,1.8767796023897236,True
batch3,batch3_c07,1836.0,1438.0,0.7832244008714597,0.9710024763069129,7.158641161684314,True
batch3,batch3_c08,828.0,697.0,0.8417874396135265,0.9521254673770362,11.511737842395993,True
batch3,batch3_c09,1039.0,846.0,0.8142444658325313,0.9545808387600025,12.095898561006418,True
batch3,batch3_c10,1078.0,879.0,0.8153988868274582,0.9781175147369998,11.344620427763035,True
batch3,batch3_c11,817.0,658.0,0.8053855569155447,0.9458058676324969,7.787511900705558,True
batch3,batch3_c12,932.0,755.0,0.8100858369098712,0.9487366454264281,11.426692968054283,True
batch3,batch3_c13,816.0,642.0,0.7867647058823529,0.9418101860091599,6.990922223919358,True
batch3,batch3_c14,858.0,677.0,0.789044289044289,0.9408448950653701,9.024504613767347,True
batch3,batch3_c15,876.0,691.0,0.7888127853881278,0.9367822564714855,7.234108896406538,True
batch3,batch3_c16,1638.0,1317.0,0.8040293040293041,0.9852794634763943,7.604899487609445,True
batch3,batch3_c17,1315.0,1024.0,0.7787072243346007,0.9870845110971161,8.350372281847905,True
batch3,batch3_c18,1146.0,913.0,0.7966841186736475,0.9812749319673,8.81511378826003,True
batch3,batch3_c19,1155.0,920.0,0.7965367965367965,0.9870430317199067,8.933138686514143,True
batch3,batch3_c20,813.0,684.0,0.8413284132841329,0.9611965436950308,12.897129109156177,True
batch3,batch3_c21,772.0,606.0,0.7849740932642487,0.9233563211638187,3.0933266739272436,True
batch3,batch3_c22,1002.0,873.0,0.8712574850299402,0.9479028664732073,14.644194678865404,True
batch3,batch3_c24,825.0,695.0,0.8424242424242424,0.939983008359871,10.025353175933398,True
batch3,batch3_c25,989.0,822.0,0.8311425682507584,0.967835305810769,11.878844704708248,True
batch3,batch3_c26,1028.0,796.0,0.77431906614786,0.9731426353727671,9.18045599107914,True
batch3,batch3_c27,850.0,686.0,0.8070588235294117,0.9579010014222273,9.390440937187204,True
batch3,batch3_c28,541.0,386.0,0.7134935304990758,0.9365566022891535,2.0296735887394775,True
batch3,batch3_c29,858.0,677.0,0.789044289044289,0.9475932294870689,7.623511592819211,True
batch3,batch3_c30,935.0,775.0,0.8288770053475936,0.948797982714283,11.872972996904982,True
batch3,batch3_c31,731.0,598.0,0.8180574555403557,0.9572708159096982,11.739157209045697,True
batch3,batch3_c33,1284.0,1080.0,0.8411214953271028,0.9776519064623703,11.130231916031486,True
batch3,batch3_c34,1158.0,923.0,0.7970639032815199,0.9901300545177717,9.073181969553556,True
batch3,batch3_c35,1093.0,848.0,0.7758462946020128,0.9716056365127911,7.982557068782589,True
batch3,batch3_c36,923.0,800.0,0.866738894907909,0.9358940247652023,11.563134945753992,True
batch3,batch3_c37,1390.0,1172.0,0.8431654676258993,0.9401748350547838,8.02417585876713,True
batch3,batch3_c38,1935.0,1517.0,0.7839793281653746,0.9735984331071489,6.622802276037351,True
batch3,batch3_c39,1156.0,1015.0,0.8780276816608996,0.9578958382800731,12.226656214771152,True
batch3,batch3_c40,796.0,626.0,0.7864321608040201,0.9499419600750094,7.741850246879201,True
batch3,batch3_c41,786.0,618.0,0.7862595419847328,0.9553151994061685,9.370007309135012,True
batch3,batch3_c42,1642.0,1320.0,0.8038976857490865,0.9568222242526057,6.61590929771591,True
batch3,batch3_c43,1046.0,872.0,0.8336520076481836,0.9703781910525213,12.915149102058436,True
batch3,batch3_c44,940.0,798.0,0.8489361702127659,0.9417783193061079,13.66456577800155,True
batch3,batch3_c45,1801.0,1450.0,0.8051082731815657,0.9699004450046171,7.084642335228987,True
