batch,feature,n,rho,lo,hi
batch1,qd_first,46,0.0801,-0.2133,0.3509
batch1,qd_10,46,0.1004,-0.1883,0.363
batch1,qd_100,46,0.3243,0.0305,0.5746
batch1,qd_change_10_100,46,0.6126,0.4024,0.7735
batch1,ir_10,46,0.2145,-0.1049,0.5223
batch1,ir_change_10_100,46,-0.2403,-0.5677,0.1344
batch1,early_tavg_mean,46,-0.3715,-0.6179,-0.0657
batch1,early_tmax_mean,46,-0.323,-0.5782,-0.0263
batch1,early_charge_mean,46,0.6131,0.3944,0.772
batch1,dq_mean,46,0.8281,0.6768,0.9209
batch1,dq_var,46,-0.8712,-0.9385,-0.7443
batch1,dq_min,46,0.85,0.716,0.93
batch2_notion,qd_first,39,0.0849,-0.2489,0.4392
batch2_notion,qd_10,39,0.0773,-0.2624,0.4068
batch2_notion,qd_100,39,0.0772,-0.2814,0.4234
batch2_notion,qd_change_10_100,39,-0.0546,-0.3743,0.2498
batch2_notion,ir_10,39,-0.386,-0.638,-0.0736
batch2_notion,ir_change_10_100,39,0.115,-0.2121,0.4498
batch2_notion,early_tavg_mean,39,0.1655,-0.1727,0.4728
batch2_notion,early_tmax_mean,39,-0.1359,-0.4821,0.2142
batch2_notion,early_charge_mean,39,-0.3933,-0.674,-0.0661
batch2_notion,dq_mean,39,0.6972,0.4304,0.8514
batch2_notion,dq_var,39,-0.709,-0.8627,-0.434
batch2_notion,dq_min,39,0.6609,0.3579,0.8379
batch3,qd_first,44,0.1283,-0.1905,0.394
batch3,qd_10,44,0.13,-0.1788,0.4007
batch3,qd_100,44,0.1775,-0.1462,0.4422
batch3,qd_change_10_100,44,0.0315,-0.3044,0.3751
batch3,ir_10,44,0.162,-0.1862,0.45
batch3,ir_change_10_100,44,-0.3126,-0.5883,0.0054
batch3,early_tavg_mean,44,0.0254,-0.2584,0.3289
batch3,early_tmax_mean,44,-0.0351,-0.3043,0.2701
batch3,early_charge_mean,44,0.192,-0.1656,0.4907
batch3,dq_mean,44,0.7561,0.5523,0.8761
batch3,dq_var,44,-0.7972,-0.8954,-0.6173
batch3,dq_min,44,0.776,0.5968,0.8857
