batch,policy,n,n_labeled,life_mean,life_sd,c_rate_1,switch_pct,c_rate_2
batch1,3.6C(80%)-3.6C,3,3,1182.0,7.0,3.6,80.0,3.6
batch1,4.4C(80%)-4.4C,1,1,1074.0,,4.4,80.0,4.4
batch1,4.8C(80%)-4.8C,2,2,753.0,165.46298679765212,4.8,80.0,4.8
batch1,4C(80%)-4C,2,2,1226.5,0.7071067811865476,4.0,80.0,4.0
batch1,5.4C(40%)-3.6C,2,2,966.5,123.74368670764582,5.4,40.0,3.6
batch1,5.4C(50%)-3.6C,2,2,899.5,3.5355339059327378,5.4,50.0,3.6
batch1,5.4C(50%)-3C,2,2,847.0,83.43860018001261,5.4,50.0,3.0
batch1,5.4C(60%)-3.6C,2,2,859.5,3.5355339059327378,5.4,60.0,3.6
batch1,5.4C(60%)-3C,2,2,799.5,113.84419177103415,5.4,60.0,3.0
batch1,5.4C(70%)-3C,2,2,739.5,68.58935777509511,5.4,70.0,3.0
batch1,5.4C(80%)-5.4C,2,2,546.5,17.67766952966369,5.4,80.0,5.4
batch1,6C(30%)-3.6C,2,2,952.5,86.97413408594535,6.0,30.0,3.6
batch1,6C(40%)-3.6C,2,2,856.0,19.79898987322333,6.0,40.0,3.6
batch1,6C(40%)-3C,2,2,935.5,115.25840533340725,6.0,40.0,3.0
batch1,6C(50%)-3.6C,2,2,792.5,118.08683245815344,6.0,50.0,3.6
batch1,6C(50%)-3C,2,2,888.5,40.30508652763321,6.0,50.0,3.0
batch1,6C(60%)-3C,2,2,744.0,18.384776310850235,6.0,60.0,3.0
batch1,7C(30%)-3.6C,2,2,722.5,27.577164466275352,7.0,30.0,3.6
batch1,7C(40%)-3.6C,2,2,621.0,5.656854249492381,7.0,40.0,3.6
batch1,7C(40%)-3C,2,2,676.0,39.59797974644666,7.0,40.0,3.0
batch1,8C(15%)-3.6C,2,2,1008.5,60.10407640085654,8.0,15.0,3.6
batch1,8C(25%)-3.6C,2,2,676.5,36.062445840513924,8.0,25.0,3.6
batch1,8C(35%)-3.6C,2,2,607.5,12.020815280171307,8.0,35.0,3.6
batch2_notion,3.6C(30%)-6C,2,2,421.0,7.0710678118654755,3.6,30.0,6.0
batch2_notion,3.6C(80%)-3.6C(SLOWCYCLE,1,0,,,3.6,80.0,3.6
batch2_notion,3.6C(9%)-5C,2,2,394.5,2.1213203435596424,3.6,9.0,5.0
batch2_notion,3.6C(9%)-5C(SLOWCYCLE,1,0,,,3.6,9.0,5.0
batch2_notion,4.65C(44%)-5C,2,2,482.5,23.33452377915607,4.65,44.0,5.0
batch2_notion,4.65C(69%)-6C,2,2,452.0,11.313708498984761,4.65,69.0,6.0
batch2_notion,4.8C(80%)-4.8C,5,5,483.6,30.319960422137754,4.8,80.0,4.8
batch2_notion,4.8C(80%)-4.8C(SLOWCYCLE,1,0,,,4.8,80.0,4.8
batch2_notion,4.8C(80%)-4.8C-newstructure,3,3,871.6666666666666,137.19086461325819,4.8,80.0,4.8
batch2_notion,5.2C(50%)-4.25C,5,5,454.0,20.916500663351883,5.2,50.0,4.25
batch2_notion,5.2C(58%)-4C,4,4,477.75,18.46392879824515,5.2,58.0,4.0
batch2_notion,5.2C(58%)-4C(SLOWCYCLE,1,0,,,5.2,58.0,4.0
batch2_notion,5.2C(58%)-4C-newstructure,3,3,961.6666666666666,157.62085310431905,5.2,58.0,4.0
batch2_notion,5.6C(26%)-4.5C,6,6,448.5,29.12559012277692,5.6,26.0,4.5
batch2_notion,5.6C(26%)-4.5C-newstructure,3,3,991.3333333333334,197.56096105590632,5.6,26.0,4.5
batch2_notion,6C(60%)-3C,2,2,400.0,11.313708498984761,6.0,60.0,3.0
batch2_notion,VarCharge-2C-100cycles,1,0,,,,,
batch2_notion,VarCharge-4C-100cycles,1,0,,,,,
batch2_notion,VarCharge-6C-100cycles,1,0,,,,,
batch2_notion,VarCharge-8C-100cycles,1,0,,,,,
batch3,3.7C(31%)-5.9C-newstructure,3,3,660.0,115.65898149300814,3.7,31.0,5.9
batch3,4.8C(80%)-4.8C-newstructure,8,6,1564.1666666666667,285.72183442408925,4.8,80.0,4.8
batch3,5.3C(54%)-4C-newstructure,8,8,1074.375,129.67424846239024,5.3,54.0,4.0
batch3,5.6C(19%)-4.6C-newstructure,8,8,1001.375,174.55571153236843,5.6,19.0,4.6
batch3,5.6C(36%)-4.3C-newstructure,8,8,930.875,135.0242703051143,5.6,36.0,4.3
batch3,5.9C(15%)-4.6C-newstructure,2,2,867.0,12.727922061357855,5.9,15.0,4.6
batch3,5.9C(60%)-3.1C-newstructure,2,2,866.5,191.6259377015544,5.9,60.0,3.1
batch3,5C(67%)-4C-newstructure,7,7,1105.7142857142858,402.9117828531511,5.0,67.0,4.0
