batch,policy,protocol_family,n,mean,minimum,maximum,first_c,early_loss
batch1,3.6C(80%)-3.6C,standard,3,1182.0,1177.0,1190.0,3.6,0.0011761323474052
batch1,4.4C(80%)-4.4C,standard,1,1074.0,1074.0,1074.0,4.4,0.0011575918367345
batch1,4.8C(80%)-4.8C,standard,2,753.0,636.0,870.0,4.8,0.00301542679837615
batch1,4C(80%)-4C,standard,2,1226.5,1226.0,1227.0,4.0,0.0006284544334974
batch1,5.4C(40%)-3.6C,standard,2,966.5,879.0,1054.0,5.4,0.0008032040094671144
batch1,5.4C(50%)-3.6C,standard,2,899.5,897.0,902.0,5.4,0.00121601834538015
batch1,5.4C(50%)-3C,standard,2,847.0,788.0,906.0,5.4,0.0009111411095527
batch1,5.4C(60%)-3.6C,standard,2,859.5,857.0,862.0,5.4,0.00022197669243818638
batch1,5.4C(60%)-3C,standard,2,799.5,719.0,880.0,5.4,-0.00026992369589335004
batch1,5.4C(70%)-3C,standard,2,739.5,691.0,788.0,5.4,0.0048588104601544994
batch1,5.4C(80%)-5.4C,standard,2,546.5,534.0,559.0,5.4,0.0140424323308267
batch1,6C(30%)-3.6C,standard,2,952.5,891.0,1014.0,6.0,0.00204700983102905
batch1,6C(40%)-3.6C,standard,2,856.0,842.0,870.0,6.0,0.0027195470800862997
batch1,6C(40%)-3C,standard,2,935.5,854.0,1017.0,6.0,0.001699315963606
batch1,6C(50%)-3.6C,standard,2,792.5,709.0,876.0,6.0,0.00360092992424195
batch1,6C(50%)-3C,standard,2,888.5,860.0,917.0,6.0,0.0018657142283194
batch1,6C(60%)-3C,standard,2,744.0,731.0,757.0,6.0,0.0032009263184205
batch1,7C(30%)-3.6C,standard,2,722.5,703.0,742.0,7.0,0.00143644176755455
batch1,7C(40%)-3.6C,standard,2,621.0,617.0,625.0,7.0,0.0021519939598685003
batch1,7C(40%)-3C,standard,2,676.0,648.0,704.0,7.0,0.0024802425127287003
batch1,8C(15%)-3.6C,standard,2,1008.5,966.0,1051.0,8.0,0.0020411765787304
batch1,8C(25%)-3.6C,standard,2,676.5,651.0,702.0,8.0,0.00232449471831
batch1,8C(35%)-3.6C,standard,2,607.5,599.0,616.0,8.0,0.0036379407519868
batch2_notion,3.6C(30%)-6C,standard,2,421.0,416.0,426.0,3.6,0.01330929972805095
batch2_notion,3.6C(9%)-5C,standard,2,394.5,393.0,396.0,3.6,-0.007962901515151749
batch2_notion,4.65C(44%)-5C,standard,2,482.5,466.0,499.0,4.65,-0.006207820819531301
batch2_notion,4.65C(69%)-6C,standard,2,452.0,444.0,460.0,4.65,0.0028199097222221
batch2_notion,4.8C(80%)-4.8C,standard,5,483.6,437.0,514.0,4.8,-0.0031660236061273003
batch2_notion,4.8C(80%)-4.8C-newstructure,newstructure,3,871.6666666666666,777.0,1029.0,4.8,0.0026067867526176
batch2_notion,5.2C(50%)-4.25C,standard,5,454.0,424.0,474.0,5.2,-0.007805093452623341
batch2_notion,5.2C(58%)-4C,standard,4,477.75,452.0,493.0,5.2,-0.005471735451449401
batch2_notion,5.2C(58%)-4C-newstructure,newstructure,3,961.6666666666666,841.0,1140.0,5.2,0.0035379462573466667
batch2_notion,5.6C(26%)-4.5C,standard,6,448.5,412.0,491.0,5.6,-0.00087319244323225
batch2_notion,5.6C(26%)-4.5C-newstructure,newstructure,3,991.3333333333334,791.0,1186.0,5.6,0.004659713784231734
batch2_notion,6C(60%)-3C,standard,2,400.0,392.0,408.0,6.0,-0.00205335752946205
batch3,3.7C(31%)-5.9C-newstructure,newstructure,3,660.0,541.0,772.0,3.7,0.019246269780567468
batch3,4.8C(80%)-4.8C-newstructure,newstructure,6,1564.1666666666667,1078.0,1836.0,4.8,0.0016106402785691165
batch3,5.3C(54%)-4C-newstructure,newstructure,8,1074.375,935.0,1315.0,5.3,0.0018897003792720125
batch3,5.6C(19%)-4.6C-newstructure,newstructure,8,1001.375,796.0,1267.0,5.6,0.0026530860233402
batch3,5.6C(36%)-4.3C-newstructure,newstructure,8,930.875,786.0,1155.0,5.6,0.0022981000794299374
batch3,5.9C(15%)-4.6C-newstructure,newstructure,2,867.0,858.0,876.0,5.9,0.0019557733850985998
batch3,5.9C(60%)-3.1C-newstructure,newstructure,2,866.5,731.0,1002.0,5.9,0.00256111580747595
batch3,5C(67%)-4C-newstructure,newstructure,7,1105.7142857142858,813.0,1935.0,5.0,0.0016421474047335857
