batch,predictor,outcome,n,rho
batch1,first_c_rate,cycle_life,46,-0.48271400298540956
batch1,first_c_rate,early_qd_loss_robust_per_100_cycles,46,0.38351467795662453
batch1,first_c_rate,log10_dq_var,46,0.5395785716597657
batch1,second_c_rate,cycle_life,46,0.04741433338534666
batch1,second_c_rate,early_qd_loss_robust_per_100_cycles,46,0.10386008338516325
batch1,second_c_rate,log10_dq_var,46,-0.0659994201603806
batch1,switch_soc_pct,cycle_life,46,0.18515925395200944
batch1,switch_soc_pct,early_qd_loss_robust_per_100_cycles,46,-0.09435719316015517
batch1,switch_soc_pct,log10_dq_var,46,-0.19810004876992787
batch1,high_current_fraction10,cycle_life,46,-0.28992845745755835
batch1,high_current_fraction10,early_qd_loss_robust_per_100_cycles,46,0.16112314082938928
batch1,high_current_fraction10,log10_dq_var,46,0.26430119194648577
batch2_notion,first_c_rate,cycle_life,39,0.05509278655119761
batch2_notion,first_c_rate,early_qd_loss_robust_per_100_cycles,39,0.04313432487083198
batch2_notion,first_c_rate,log10_dq_var,39,-0.02785541943465776
batch2_notion,second_c_rate,cycle_life,39,-0.11884016238051073
batch2_notion,second_c_rate,early_qd_loss_robust_per_100_cycles,39,0.16107585212944175
batch2_notion,second_c_rate,log10_dq_var,39,0.2017816832993581
batch2_notion,switch_soc_pct,cycle_life,39,0.28781347990487877
batch2_notion,switch_soc_pct,early_qd_loss_robust_per_100_cycles,39,0.013454585840115312
batch2_notion,switch_soc_pct,log10_dq_var,39,-0.15744946635799062
batch2_notion,high_current_fraction10,cycle_life,39,0.05314303094338464
batch2_notion,high_current_fraction10,early_qd_loss_robust_per_100_cycles,39,-0.05020242914979757
batch2_notion,high_current_fraction10,log10_dq_var,39,0.0022267206477732796
batch3,first_c_rate,cycle_life,44,-0.22887519748075072
batch3,first_c_rate,early_qd_loss_robust_per_100_cycles,44,0.13841373132325469
batch3,first_c_rate,log10_dq_var,44,0.2893377946420952
batch3,second_c_rate,cycle_life,44,0.015736317835818345
batch3,second_c_rate,early_qd_loss_robust_per_100_cycles,44,0.2314856355918654
batch3,second_c_rate,log10_dq_var,44,-0.07747682497360393
batch3,switch_soc_pct,cycle_life,44,0.44332485175807257
batch3,switch_soc_pct,early_qd_loss_robust_per_100_cycles,44,-0.4500366663039289
batch3,switch_soc_pct,log10_dq_var,44,-0.44953718054776476
batch3,high_current_fraction10,cycle_life,44,0.3955176555033811
batch3,high_current_fraction10,early_qd_loss_robust_per_100_cycles,44,-0.0383368569415081
batch3,high_current_fraction10,log10_dq_var,44,-0.5338971106412966
