cohort,batch,policy,protocol_family,n,mean_life,min_life,max_life,nominal_time80_min,nominal_avg_c,max_c
B1 all 46,batch1,3.6C(80%)-3.6C,standard,3,1182.0,1177.0,1190.0,13.333333333333334,3.5999999999999996,3.6
B1 all 46,batch1,4.4C(80%)-4.4C,standard,1,1074.0,1074.0,1074.0,10.90909090909091,4.3999999999999995,4.4
B1 all 46,batch1,4.8C(80%)-4.8C,standard,2,753.0,636.0,870.0,10.000000000000002,4.799999999999999,4.8
B1 all 46,batch1,4C(80%)-4C,standard,2,1226.5,1226.0,1227.0,12.0,4.0,4.0
B1 all 46,batch1,5.4C(40%)-3.6C,standard,2,966.5,879.0,1054.0,11.11111111111111,4.32,5.4
B1 all 46,batch1,5.4C(50%)-3.6C,standard,2,899.5,897.0,902.0,10.555555555555555,4.5473684210526315,5.4
B1 all 46,batch1,5.4C(50%)-3C,standard,2,847.0,788.0,906.0,11.555555555555555,4.153846153846154,5.4
B1 all 46,batch1,5.4C(60%)-3.6C,standard,2,859.5,857.0,862.0,10.000000000000002,4.799999999999999,5.4
B1 all 46,batch1,5.4C(60%)-3C,standard,2,799.5,719.0,880.0,10.666666666666668,4.499999999999999,5.4
B1 all 46,batch1,5.4C(70%)-3C,standard,2,739.5,691.0,788.0,9.777777777777779,4.909090909090908,5.4
B1 all 46,batch1,5.4C(80%)-5.4C,standard,2,546.5,534.0,559.0,8.88888888888889,5.3999999999999995,5.4
B1 all 46,batch1,6C(30%)-3.6C,standard,2,952.5,891.0,1014.0,11.333333333333332,4.235294117647059,6.0
B1 all 46,batch1,6C(40%)-3.6C,standard,2,856.0,842.0,870.0,10.666666666666668,4.499999999999999,6.0
B1 all 46,batch1,6C(40%)-3C,standard,2,935.5,854.0,1017.0,12.0,4.0,6.0
B1 all 46,batch1,6C(50%)-3.6C,standard,2,792.5,709.0,876.0,10.000000000000002,4.799999999999999,6.0
B1 all 46,batch1,6C(50%)-3C,standard,2,888.5,860.0,917.0,11.0,4.363636363636363,6.0
B1 all 46,batch1,6C(60%)-3C,standard,2,744.0,731.0,757.0,10.000000000000002,4.799999999999999,6.0
B1 all 46,batch1,7C(30%)-3.6C,standard,2,722.5,703.0,742.0,10.904761904761905,4.401746724890829,7.0
B1 all 46,batch1,7C(40%)-3.6C,standard,2,621.0,617.0,625.0,10.095238095238097,4.754716981132074,7.0
B1 all 46,batch1,7C(40%)-3C,standard,2,676.0,648.0,704.0,11.428571428571427,4.2,7.0
B1 all 46,batch1,8C(15%)-3.6C,standard,2,1008.5,966.0,1051.0,11.958333333333332,4.013937282229966,8.0
B1 all 46,batch1,8C(25%)-3.6C,standard,2,676.5,651.0,702.0,11.041666666666668,4.347169811320755,8.0
B1 all 46,batch1,8C(35%)-3.6C,standard,2,607.5,599.0,616.0,10.125,4.7407407407407405,8.0
B1 near EOL 36,batch1,4.4C(80%)-4.4C,standard,1,1074.0,1074.0,1074.0,10.90909090909091,4.3999999999999995,4.4
B1 near EOL 36,batch1,4.8C(80%)-4.8C,standard,2,753.0,636.0,870.0,10.000000000000002,4.799999999999999,4.8
B1 near EOL 36,batch1,5.4C(40%)-3.6C,standard,1,1054.0,1054.0,1054.0,11.11111111111111,4.32,5.4
B1 near EOL 36,batch1,5.4C(50%)-3C,standard,1,788.0,788.0,788.0,11.555555555555555,4.153846153846154,5.4
B1 near EOL 36,batch1,5.4C(60%)-3.6C,standard,2,859.5,857.0,862.0,10.000000000000002,4.799999999999999,5.4
B1 near EOL 36,batch1,5.4C(60%)-3C,standard,2,799.5,719.0,880.0,10.666666666666668,4.499999999999999,5.4
B1 near EOL 36,batch1,5.4C(70%)-3C,standard,2,739.5,691.0,788.0,9.777777777777779,4.909090909090908,5.4
B1 near EOL 36,batch1,5.4C(80%)-5.4C,standard,2,546.5,534.0,559.0,8.88888888888889,5.3999999999999995,5.4
B1 near EOL 36,batch1,6C(30%)-3.6C,standard,1,1014.0,1014.0,1014.0,11.333333333333332,4.235294117647059,6.0
B1 near EOL 36,batch1,6C(40%)-3.6C,standard,2,856.0,842.0,870.0,10.666666666666668,4.499999999999999,6.0
B1 near EOL 36,batch1,6C(40%)-3C,standard,2,935.5,854.0,1017.0,12.0,4.0,6.0
B1 near EOL 36,batch1,6C(50%)-3.6C,standard,2,792.5,709.0,876.0,10.000000000000002,4.799999999999999,6.0
B1 near EOL 36,batch1,6C(50%)-3C,standard,2,888.5,860.0,917.0,11.0,4.363636363636363,6.0
B1 near EOL 36,batch1,6C(60%)-3C,standard,2,744.0,731.0,757.0,10.000000000000002,4.799999999999999,6.0
B1 near EOL 36,batch1,7C(30%)-3.6C,standard,2,722.5,703.0,742.0,10.904761904761905,4.401746724890829,7.0
B1 near EOL 36,batch1,7C(40%)-3.6C,standard,2,621.0,617.0,625.0,10.095238095238097,4.754716981132074,7.0
B1 near EOL 36,batch1,7C(40%)-3C,standard,2,676.0,648.0,704.0,11.428571428571427,4.2,7.0
B1 near EOL 36,batch1,8C(15%)-3.6C,standard,2,1008.5,966.0,1051.0,11.958333333333332,4.013937282229966,8.0
B1 near EOL 36,batch1,8C(25%)-3.6C,standard,2,676.5,651.0,702.0,11.041666666666668,4.347169811320755,8.0
B1 near EOL 36,batch1,8C(35%)-3.6C,standard,2,607.5,599.0,616.0,10.125,4.7407407407407405,8.0
B2 all 39,batch2_notion,3.6C(30%)-6C,standard,2,421.0,416.0,426.0,10.0,4.8,6.0
B2 all 39,batch2_notion,3.6C(9%)-5C,standard,2,394.5,393.0,396.0,10.020000000000001,4.790419161676646,5.0
B2 all 39,batch2_notion,4.65C(44%)-5C,standard,2,482.5,466.0,499.0,9.997419354838708,4.80123902942695,5.0
B2 all 39,batch2_notion,4.65C(69%)-6C,standard,2,452.0,444.0,460.0,10.003225806451614,4.798452112221864,6.0
B2 all 39,batch2_notion,4.8C(80%)-4.8C,standard,5,483.6,437.0,514.0,10.000000000000002,4.799999999999999,4.8
B2 all 39,batch2_notion,4.8C(80%)-4.8C-newstructure,newstructure,3,871.6666666666666,777.0,1029.0,10.000000000000002,4.799999999999999,4.8
B2 all 39,batch2_notion,5.2C(50%)-4.25C,standard,5,454.0,424.0,474.0,10.00452488687783,4.797829036635006,5.2
B2 all 39,batch2_notion,5.2C(58%)-4C,standard,4,477.75,452.0,493.0,9.992307692307692,4.803695150115473,5.2
B2 all 39,batch2_notion,5.2C(58%)-4C-newstructure,newstructure,3,961.6666666666666,841.0,1140.0,9.992307692307692,4.803695150115473,5.2
B2 all 39,batch2_notion,5.6C(26%)-4.5C,standard,6,448.5,412.0,491.0,9.985714285714286,4.8068669527897,5.6
B2 all 39,batch2_notion,5.6C(26%)-4.5C-newstructure,newstructure,3,991.3333333333334,791.0,1186.0,9.985714285714286,4.8068669527897,5.6
B2 all 39,batch2_notion,6C(60%)-3C,standard,2,400.0,392.0,408.0,10.000000000000002,4.799999999999999,6.0
B2 newstructure 9,batch2_notion,4.8C(80%)-4.8C-newstructure,newstructure,3,871.6666666666666,777.0,1029.0,10.000000000000002,4.799999999999999,4.8
B2 newstructure 9,batch2_notion,5.2C(58%)-4C-newstructure,newstructure,3,961.6666666666666,841.0,1140.0,9.992307692307692,4.803695150115473,5.2
B2 newstructure 9,batch2_notion,5.6C(26%)-4.5C-newstructure,newstructure,3,991.3333333333334,791.0,1186.0,9.985714285714286,4.8068669527897,5.6
B2 standard 30,batch2_notion,3.6C(30%)-6C,standard,2,421.0,416.0,426.0,10.0,4.8,6.0
B2 standard 30,batch2_notion,3.6C(9%)-5C,standard,2,394.5,393.0,396.0,10.020000000000001,4.790419161676646,5.0
B2 standard 30,batch2_notion,4.65C(44%)-5C,standard,2,482.5,466.0,499.0,9.997419354838708,4.80123902942695,5.0
B2 standard 30,batch2_notion,4.65C(69%)-6C,standard,2,452.0,444.0,460.0,10.003225806451614,4.798452112221864,6.0
B2 standard 30,batch2_notion,4.8C(80%)-4.8C,standard,5,483.6,437.0,514.0,10.000000000000002,4.799999999999999,4.8
B2 standard 30,batch2_notion,5.2C(50%)-4.25C,standard,5,454.0,424.0,474.0,10.00452488687783,4.797829036635006,5.2
B2 standard 30,batch2_notion,5.2C(58%)-4C,standard,4,477.75,452.0,493.0,9.992307692307692,4.803695150115473,5.2
B2 standard 30,batch2_notion,5.6C(26%)-4.5C,standard,6,448.5,412.0,491.0,9.985714285714286,4.8068669527897,5.6
B2 standard 30,batch2_notion,6C(60%)-3C,standard,2,400.0,392.0,408.0,10.000000000000002,4.799999999999999,6.0
B3 44,batch3,3.7C(31%)-5.9C-newstructure,newstructure,3,660.0,541.0,772.0,10.010077874484654,4.795167490389896,5.9
B3 44,batch3,4.8C(80%)-4.8C-newstructure,newstructure,6,1564.1666666666667,1078.0,1836.0,10.000000000000002,4.799999999999999,4.8
B3 44,batch3,5.3C(54%)-4C-newstructure,newstructure,8,1074.375,935.0,1315.0,10.013207547169811,4.7936687394007915,5.3
B3 44,batch3,5.6C(19%)-4.6C-newstructure,newstructure,8,1001.375,796.0,1267.0,9.992236024844724,4.803729603729602,5.6
B3 44,batch3,5.6C(36%)-4.3C-newstructure,newstructure,8,930.875,786.0,1155.0,9.996677740863788,4.8015952143569285,5.6
B3 44,batch3,5.9C(15%)-4.6C-newstructure,newstructure,2,867.0,858.0,876.0,10.003684598378777,4.798232044198895,5.9
B3 44,batch3,5.9C(60%)-3.1C-newstructure,newstructure,2,866.5,731.0,1002.0,9.972662657189721,4.813157894736842,5.9
B3 44,batch3,5C(67%)-4C-newstructure,newstructure,7,1105.7142857142858,813.0,1935.0,9.99,4.804804804804805,5.0
