batch,representation,feature,n,outside,train_min,train_max
B2,raw_policy_3,first_c_rate,39,4,4.4,8.0
B2,raw_policy_3,second_c_rate,39,25,3.0,4.4
B2,raw_policy_3,switch_soc_pct,39,2,15.0,80.0
B2,raw_policy_3,any,39,25,,
B2,domain_policy_2,nominal_avg_c,39,0,4.0,4.909090909090908
B2,domain_policy_2,max_c,39,0,4.4,8.0
B2,domain_policy_2,any,39,0,,
B2,raw_plus_dq_4,log10_dq_var,39,18,-4.178877963304522,-3.42070000480644
B2,raw_plus_dq_4,first_c_rate,39,4,4.4,8.0
B2,raw_plus_dq_4,second_c_rate,39,25,3.0,4.4
B2,raw_plus_dq_4,switch_soc_pct,39,2,15.0,80.0
B2,raw_plus_dq_4,any,39,29,,
B2,domain_plus_dq_3,log10_dq_var,39,18,-4.178877963304522,-3.42070000480644
B2,domain_plus_dq_3,nominal_avg_c,39,0,4.0,4.909090909090908
B2,domain_plus_dq_3,max_c,39,0,4.4,8.0
B2,domain_plus_dq_3,any,39,18,,
B3,raw_policy_3,first_c_rate,44,3,4.4,8.0
B3,raw_policy_3,second_c_rate,44,19,3.0,4.4
B3,raw_policy_3,switch_soc_pct,44,0,15.0,80.0
B3,raw_policy_3,any,44,19,,
B3,domain_policy_2,nominal_avg_c,44,0,4.0,4.909090909090908
B3,domain_policy_2,max_c,44,0,4.4,8.0
B3,domain_policy_2,any,44,0,,
B3,raw_plus_dq_4,log10_dq_var,44,21,-4.178877963304522,-3.42070000480644
B3,raw_plus_dq_4,first_c_rate,44,3,4.4,8.0
B3,raw_plus_dq_4,second_c_rate,44,19,3.0,4.4
B3,raw_plus_dq_4,switch_soc_pct,44,0,15.0,80.0
B3,raw_plus_dq_4,any,44,29,,
B3,domain_plus_dq_3,log10_dq_var,44,21,-4.178877963304522,-3.42070000480644
B3,domain_plus_dq_3,nominal_avg_c,44,0,4.0,4.909090909090908
B3,domain_plus_dq_3,max_c,44,0,4.4,8.0
B3,domain_plus_dq_3,any,44,21,,
