feature,label,B1 전체,B1 종료 근접,B2,B3
qd_10,초기 용량 QD10,0.10040705582190128,0.16282661996128875,0.07733576312523023,0.12995982835855927
qd_change_10_100,QD100 - QD10,0.6126187257241679,0.4907967604050545,-0.05456017843520824,0.03150327726479176
ir_10,IR10 (0 제외),0.21450598289224362,0.21096666412375673,-0.2562045634415165,0.16202692266612137
ir_change_10_100,IR 변화 (0 제외),-0.24028617290056964,-0.2706912108921662,0.12183504680291295,-0.3125660730857974
early_tavg_mean,평균 온도 (2~100),-0.37146910148360657,-0.11635989284190121,0.16550258208082647,0.025371766924664505
early_tmax_mean,최고 온도의 평균,-0.32299247625263944,-0.10245848971477142,-0.13594493439422012,-0.03509761091245256
early_charge_mean,평균 충전 시간,0.6130504513941638,0.47741022406041106,-0.39325842898104635,0.19197970306329473
log10_dq_var,log10 var(ΔQ),-0.8711607269559923,-0.8262324691948716,-0.7089786451951733,-0.7972372984772357
dq_mean,ΔQ 평균,0.8281115101478308,0.7580126205154383,0.6972365659772065,0.7561491314853485
dq_min,ΔQ 최솟값,0.8500061691261938,0.7867164436390489,0.6608968552940159,0.7760236822430022
