batch,cycle,threshold,n,rho_life,rho_slope
batch1,10,4.1,46,-0.28992845745755835,0.16112314082938928
batch1,10,4.2,46,-0.28992845745755835,0.16112314082938928
batch1,10,4.3,46,-0.28992845745755835,0.16112314082938928
batch1,20,4.1,46,-0.2914095734598958,0.16001237233650192
batch1,20,4.2,46,-0.2914095734598958,0.16001237233650192
batch1,20,4.3,46,-0.2914095734598958,0.16001237233650192
batch1,30,4.1,46,-0.29609977413396443,0.16025920977936575
batch1,30,4.2,46,-0.29609977413396443,0.16025920977936575
batch1,30,4.3,46,-0.29609977413396443,0.16025920977936575
batch1,80,4.1,46,-0.2950506502989754,0.1626041654865725
batch1,80,4.2,46,-0.2950506502989754,0.1626041654865725
batch1,80,4.3,46,-0.2950506502989754,0.1626041654865725
batch1,100,4.1,46,-0.2950506502989754,0.1630978403723002
batch1,100,4.2,46,-0.2950506502989754,0.1630978403723002
batch1,100,4.3,46,-0.2950506502989754,0.1630978403723002
batch2_notion,10,4.1,39,0.04909403810960295,-0.051821862348178135
batch2_notion,10,4.2,39,0.05314303094338464,-0.05020242914979757
batch2_notion,10,4.3,39,0.2068023089853997,0.16214574898785425
batch2_notion,20,4.1,39,0.08391537648012547,-0.047165991902834006
batch2_notion,20,4.2,39,0.08391537648012547,-0.047165991902834006
batch2_notion,20,4.3,39,0.21854438820336655,0.1327935222672065
batch2_notion,30,4.1,39,0.07510881706665029,-0.03987854251012146
batch2_notion,30,4.2,39,0.07804433687114201,-0.0340080971659919
batch2_notion,30,4.3,39,0.2167223414281648,0.15526315789473685
batch2_notion,80,4.1,39,0.08978641608910892,0.048582995951417005
batch2_notion,80,4.2,39,0.08978641608910892,0.048582995951417005
batch2_notion,80,4.3,39,0.2150015194738076,0.20526315789473684
batch2_notion,100,4.1,39,0.07885413543789836,0.04352226720647774
batch2_notion,100,4.2,39,0.07885413543789836,0.04352226720647774
batch2_notion,100,4.3,39,0.2048790373893534,0.19291497975708502
batch3,10,4.1,44,0.3955176555033811,-0.0383368569415081
batch3,10,4.2,44,0.3955176555033811,-0.0383368569415081
batch3,10,4.3,44,0.4554232162977278,-0.10824524312896405
batch3,20,4.1,44,0.40362252549320443,-0.04256518675123326
batch3,20,4.2,44,0.4194798798211198,-0.04693446088794925
batch3,20,4.3,44,0.43977729336085136,-0.13601127554615927
batch3,30,4.1,44,0.40425681966632104,-0.049753347427766034
batch3,30,4.2,44,0.4077806761836355,-0.05708245243128964
batch3,30,4.3,44,0.43040383502479473,-0.15884425651867512
batch3,80,4.1,44,0.409824512963678,-0.00902043692741367
batch3,80,4.2,44,0.4078511533139819,-0.015785764622973927
batch3,80,4.3,44,0.46028613829162185,-0.07385482734319943
batch3,100,4.1,44,0.41003594435471685,-0.009302325581395349
batch3,100,4.2,44,0.41764747443211614,-0.012403100775193798
batch3,100,4.3,44,0.5063781815380958,-0.07047216349541931
