reference,batch,feature,n,outside,low,high
B1_candidate36,batch2_notion,log10_dq_var,39,17,-4.178877963304522,-3.3503380515995875
B1_candidate36,batch2_notion,first_c_rate,39,4,4.4,8.0
B1_candidate36,batch2_notion,second_c_rate,39,4,3.0,5.4
B1_candidate36,batch2_notion,switch_soc_pct,39,2,15.0,80.0
B1_candidate36,batch2_notion,any_marginal,39,19,,
B1_candidate36,batch3,log10_dq_var,44,21,-4.178877963304522,-3.3503380515995875
B1_candidate36,batch3,first_c_rate,44,3,4.4,8.0
B1_candidate36,batch3,second_c_rate,44,3,3.0,5.4
B1_candidate36,batch3,switch_soc_pct,44,0,15.0,80.0
B1_candidate36,batch3,any_marginal,44,24,,
B1_train28,batch2_notion,log10_dq_var,39,18,-4.178877963304522,-3.42070000480644
B1_train28,batch2_notion,first_c_rate,39,4,4.4,8.0
B1_train28,batch2_notion,second_c_rate,39,25,3.0,4.4
B1_train28,batch2_notion,switch_soc_pct,39,2,15.0,80.0
B1_train28,batch2_notion,any_marginal,39,29,,
B1_train28,batch3,log10_dq_var,44,21,-4.178877963304522,-3.42070000480644
B1_train28,batch3,first_c_rate,44,3,4.4,8.0
B1_train28,batch3,second_c_rate,44,19,3.0,4.4
B1_train28,batch3,switch_soc_pct,44,0,15.0,80.0
B1_train28,batch3,any_marginal,44,29,,
