batch,feature,n,rho_life,rho_original
batch1,log10_dq_var,46,-0.8711607269559923,1.0
batch1,logvar_raw_reconstruction,46,-0.8723942288702664,0.9996299722479185
batch1,logvar_stored_interior,46,-0.8723942288702664,0.9995066296638914
batch1,logvar_pre,46,-0.8539533752518705,0.9357385137218626
batch1,logvar_post,46,-0.8500678442219075,0.9579401788467468
batch2_notion,log10_dq_var,39,-0.7089786451951733,1.0
batch2_notion,logvar_raw_reconstruction,39,-0.7047272027197027,0.9973684210526318
batch2_notion,logvar_stored_interior,39,-0.7047272027197027,0.9973684210526318
batch2_notion,logvar_pre,39,-0.37969430298787765,0.7352226720647774
batch2_notion,logvar_post,39,-0.6436886357504437,0.6777327935222672
batch3,log10_dq_var,44,-0.7972372984772357,1.0
batch3,logvar_raw_reconstruction,44,-0.7974487298682745,0.9985905567300916
batch3,logvar_stored_interior,44,-0.7942067818723452,0.9985905567300916
batch3,logvar_pre,44,-0.5225879215177424,0.6238195912614517
batch3,logvar_post,44,-0.6746070916746906,0.7550387596899224
