batch,family,window,count,median,min,max
batch1,standard,20-100,46,1.877805081925267,-0.3038725490198046,16.80941729323303
batch1,standard,20-40,46,-0.6468571428577158,-4.307434210525851,8.97875000000048
batch1,standard,80-100,46,2.9083617424237653,1.5091666666672738,22.0526785714282
batch2_notion,newstructure,20-100,9,3.8431336996338996,-6.051247771835941,7.217474696356235
batch2_notion,newstructure,20-40,9,1.1827857142852694,-4.601166666668248,3.653888888887871
batch2_notion,newstructure,80-100,9,-6.301666666666539,-9.485272727273578,3.6215972222214705
batch2_notion,standard,20-100,30,-3.9529862235714788,-11.867641025641,17.893321678322035
batch2_notion,standard,20-40,30,-7.048010458839803,-15.468068181817058,15.794791666667862
batch2_notion,standard,80-100,30,-3.5702529761924753,-18.56291666666639,51.18916666666667
batch3,newstructure,20-100,44,2.2417959575430753,0.5698148148146497,20.878964237516872
batch3,newstructure,20-40,44,-0.043174603174456906,-5.39499999999693,19.46750000000092
batch3,newstructure,80-100,44,3.172388111887475,0.48676470588192816,23.569749999999836
